id,status,track,hypothesis,baseline,metric,acceptance_criterion,estimated_cost_usd,actual_cost_usd,result,decision,notes
E000,DONE,baseline,"Reproduce official Phase 2 covariance baseline on public mini",official_covariance,adjusted_final_layer_mse,"Reproduce within 2% of official/local reference",0,0,"adjusted_final_layer_score=4.05e-07; final_layer_mse=4.05e-06; all_layers_mse=2.23e-06; mean_compute_utilization=0.02351464; total_estimator_flops=5.17e12; failures=0/100; width=1024; depth=16; flop_budget_per_mlp=2.20e12",PASS,"AIcrowd starterkit commit 3e1e3b5f3da3e03a128ff292d0b14251727aeb5e; official covariance SHA256 f5e7d97fc6093330c9bef7daaf0f9e54d84f58edf8e28bdd980eae4dac2e796d; dataset hf://aicrowd/arc-whestbench-public-2026@v2-phase2 split=mini runner=local; Python 3.11.16; NumPy 2.4.6; whestbench 0.16.1; flopscope 0.12.1; GitHub Actions run 34689957585 attempt 2 job 103553779469 artifact 10297433084; scorer_duration_s=149.454255; wall_clock=16:35.70; verified 2026-09-12"
E001,DONE,control_variate,"Sampling only the residual around a deterministic propagation estimate lowers variance per FLOP",covariance+whitened_antithetic,final_layer_mse,"At least 15% MSE reduction at <=10% utilization on preregistered holdout",8,0,"frozen sampler: mse=7.39e-06 util=0.09897964; residual w=0.5: mse=4.00e-06 adjusted=4.00e-07 all_layers=2.83e-06 util=0.09854008 total_estimator_flops=2.17e13 failures=0/100; w=1.0: mse=4.42e-06 adjusted=4.42e-07 all_layers=5.29e-06 util=0.09854008 failures=0/100; w=1.5: mse=5.31e-06 adjusted=5.31e-07 all_layers=9.59e-06 util=0.09854008 failures=0/100; E000 comparator: mse=4.05e-06 adjusted=4.05e-07 util=0.02351464 total_estimator_flops=5.17e12 failures=0/100; best_delta_vs_E000: raw_mse=-5.0e-08 (-1.23%); adjusted=-5.0e-09 (-1.23%); flops_ratio=4.20x",DROP,"CLAIMED in Issue #3; branch research/e001-residual-control-variate; preregistered grid run 34699262095 on frozen commit 8b641586afc9418870fb12071de0dd0e9de42b06. P-003 verification rerun: run 34699262095 attempt 2 job 103615561576; scorer_duration_s=247.187452; same Phase-2 mini evaluator, runner=local and per-MLP budget 2**41; Python 3.11.16; NumPy 2.4.6; whestbench 0.16.1; flopscope 0.12.1. Fresh rerun reproduced w=0.5 metrics to displayed precision. Current bootstrap candidate blob be85cf5ed7e2ff90cc396c9fd305addbb296e800 and method blob d39a58f5d7a101f8ed85fd85bcb1182948bf5dac match frozen E001 code. Gate <=3.4425e-06 failed; holdout not accessed; external experiment cost $0."
E002,DONE,adaptive_blend,"Network-conditioned blend weight beats a globally fixed analytic/sampling blend",fixed_0.75_0.25_blend,final_layer_mse,"At least 8% median gain and no >10% tail regression on holdout",6,0,"fixed blend baseline: final_layer_mse=3.02e-06; adjusted=3.02e-07; all_layers_mse=2.19e-06; mean_compute_utilization=0.09850853; total_estimator_flops=2.17e13; failures=0/100. 20-MLP oracle diagnostic: fixed aggregate mse=3.139994410056683e-06; per-network oracle aggregate mse=3.094269192767133e-06; oracle upper-bound gain=1.456%; oracle weight mean=0.72630691 std=0.05255466 range=[0.59351436,0.81176923]; max abs preregistered feature correlation=0.1265; ridge lambda=10; LOO weight mse=0.00329592",DROP,"Issue #6; branch research/e002-adaptive-blend; fixed baseline run 34706447352 job 103587246914 artifact 10302525674; diagnostic run 34707605404 job 103590387429 artifact 10302277271 on commit 692b261479c72d4c226590fb7c37ad93954051d8. Structural DROP: even ground-truth oracle per-network scalar weights can improve only ~1.46% aggregate MSE on preregistered 20-record diagnostic, far below 8% target; cheap features are weak. 80-record internal validation and full holdout were not accessed. Fixed 0.75/0.25 blend retained as stronger measured baseline. External cost $0."
E003,DONE,sampling,"Whitened antithetic sampling plus a fourth-moment/radial correction reduces residual variance",whitened_antithetic,final_layer_mse,"At least 10% gain on preregistered holdout",6,0,"radial marginalisation verification: final_layer_mse=7.63e-06; adjusted_final_layer_score=7.63e-07; all_layers_mse=1.06e-05; mean_compute_utilization=0.09897092; total_estimator_flops=2.18e13; failures=0/100; samples=5542; frozen sampler mse=7.39e-06 util=0.09897964 samples=5708; gain_vs_sampler=-3.25%; E000 comparator mse=4.05e-06 adjusted=4.05e-07 flops=5.17e12 failures=0/100; delta_vs_E000 raw=+3.58e-06 (+88.40%) adjusted=+3.58e-07 (+88.40%) flops_ratio=4.22x; E002 comparator mse=3.02e-06 adjusted=3.02e-07 flops=2.17e13 failures=0/100; delta_vs_E002 raw=+4.61e-06 (+152.65%) adjusted=+4.61e-07 (+152.65%) flops_ratio=1.005x",DROP,"Canonical E003 reconciled to Issue #10 / PR #12; competing Issue #8 is closed and Issue #9 was closed as duplicate. Frozen candidate commit 58111872eddf9c510310f8f623a21f973587887d; evaluator hf://aicrowd/arc-whestbench-public-2026@v2-phase2 split=mini runner=local; per-MLP budget=2**41. Verification run 34706304538 attempt 2 job 103622674376 artifact 10305804787; scorer_duration_s=157.172545; wall_clock=16:46.08; Python 3.11.16; NumPy 2.4.6; whestbench 0.16.1; flopscope 0.12.1. Fresh rerun reproduced the original result to displayed precision. Gate <=6.651e-06 failed materially; no holdout, no retuning, no additional benchmark; external experiment cost $0."
E004,IDEA,subspace_qmc,"QMC/cubature applied only to a network-dependent low-dimensional active subspace can beat high-dimensional static designs",whitened_antithetic,final_layer_mse,"At least 15% gain per FLOP on mini subset",12,,,PENDING,"Avoid repeating saturated static 1024-D cubature"
E005,IDEA,hybrid,"Third-cumulant/closure prediction can act as a stronger control variate than covariance propagation",covariance_control_variate,final_layer_mse,"Residual variance ratio <=0.75 at comparable compute",15,,,PENDING,"Superseded as a frontier-reproduction prerequisite by public K3+K4 E007; any original follow-up should target the remaining representation/cost wall rather than reimplement plain K3."
E007,RUNNING,frontier_repro,"Reproduce public factorized K3 plus memoryless K4 V25 frontier exactly before new mechanism design",E002_fixed_blend,final_layer_mse,"Raw MSE within 15% of ~2.1e-08 to 2.23e-08; zero failures; utilization within 10% relative of 0.3667",0,0,,PENDING,"Issue #15; branch research/e007-k3-k4-frontier-repro; upstream 504aldo/whest-p2-cumulant-k3 MIT commit 18c17e2d7a9aeacd399cfc2c6b571e4e16dbfb45; V25 blob 195373a110215256b759d7c172ba8c923c62e5cc. Run 34708297015 currently executing official Phase-2 mini after exact blob validation. No full holdout."
E008,DONE,representation,"Polynomial/TensorSketch features can evaluate old-source K3 Hadamard products without re-forming dense A/P legs",public_K3_V25,relative_rms,"Necessary degree-2 product fidelity compatible with ~2% D21 error at sketch rank that preserves >=2x old-tier cost leverage",0,0,"MLP0 layer14 n_old=10 n_tier2=7; exact factor reformation rel_rms A=4.16e-07 P=3.65e-07; TensorSketch m=64 AP/AA/PP rel_rms=42.15/23.52/25.74; m=128 30.45/16.63/18.43; m=256 21.45/12.00/13.06; m=512 15.12/8.42/9.22",DROP,"Issue #16; branch research/e008-polynomial-sketch; run 34708685523 job 103593335381 artifact 10302243595. Necessary quadratic products fail by orders of magnitude, so degree-3/full-D21/scorer were not run. Generic polynomial collision sketch preserves the wrong information; no holdout; external cost $0."
E009,RUNNING,goal_oriented_compression,"Old-source K3 basis selected by downstream read directions can preserve accuracy at materially lower rank than the forward/current-weight basis",public_K3_V25,final_layer_mse,"On preregistered mini MLP0, pulled-next rank<=256 must recover >=50% of same-rank current-policy degradation or land within 10% of rank384 reference where current does not",0,0,,PENDING,"Issue #17; branch research/e009-future-aware-basis. Pre-run coordinate correction fixed pulled-next range-finder probe to Om=current_w32@next_w32[:,:r]. Rank grid 128/192/256/384; no seed sweep, no full holdout. Diagnostic workflow 34708964643 queued/running."
