tail_rank,original_index,name,network_id,target_sha256,final_mse,share_total_raw_mse,cumulative_share_total_raw_mse,leave_one_out_mean_raw_mse,leave_one_out_delta_from_full_mean,measured_flops,budget_flops,compute_factor
1,47,douglas-kelly,1876000384391229791,e7e276e55667cc175301cc5a865679be7f8b6cec5cc460935d417c6f3d86f4db,3.0288653363186313e-8,0.013592696639751474,0.013592696639751474,2.2202170068760206e-8,-8.0864832944263650e-11,806303721965,2199023255552,0.36666448157347986
2,90,rachel-kelley,5451601564174840496,76da891438d5404d1c5f33b3c9b842ad7bc793d0f9bfa3d97c4f3aa8a3b6efd3,2.9562103875946377e-8,0.013266641643003988,0.026859338282755461,2.2209508952469703e-8,-7.3525949234766742e-11,806303721965,2199023255552,0.36666448157347986
3,73,victor-garrett,8439345745453955992,31f6fb8a2f3a78be1006691213c360eac038c5f6f05e5405cf31a069daf55193,2.8373893457001031e-8,0.012733406190927190,0.039592744473682648,2.2221511077913593e-8,-6.1523823790877001e-11,806303721965,2199023255552,0.36666448157347986
4,37,paige-miller,3703256763869420164,dc4f6133cdae0af9bf692f50d0579e217c04451fbbd6a54616a5579c59d30c8c,2.8312864941426596e-8,0.012706018307793835,0.052298762781476486,2.2222127527565861e-8,-6.0907374138608376e-11,806303721965,2199023255552,0.36666448157347986
5,34,rachel-warren,8920457781230169818,9a0f2ba7bb28224b911fa45bad3038ccbcdd564ab9bda3ee909ee4d51ba6dacd,2.7665310042834790e-8,0.012415413863000602,0.064714176644477081,2.2228668486137494e-8,-5.4366415566976004e-11,806303721965,2199023255552,0.36666448157347986
6,67,marie-paul,2474931402529981222,8865ba3d55bd68e1386ac72c93f8866eed7184855396fdb6232a1f146eb20c24,2.7613506148327360e-8,0.012392165730627274,0.077106342375104359,2.2229191757799186e-8,-5.3843143905284095e-11,806303721965,2199023255552,0.36666448157347986
7,40,sylvia-stanley,8509454987965736357,c19454fc2c5d601ce45e0eee52f0c097113c3f90a2c5fe718a20bead2ac1f673,2.6912237771625769e-8,0.012077456185991615,0.089183798561095970,2.2236275276755770e-8,-4.6759624948700157e-11,806303721965,2199023255552,0.36666448157347986
8,93,nathan-moore,7807267696492052470,4ab085900ecda3c008f68a6fc603908df189638a36e1abdae509a28c6c00e13a,2.6575650124982531e-8,0.011926405106940667,0.10111020366803665,2.2239675151974388e-8,-4.3359749730081522e-11,806303721965,2199023255552,0.36666448157347986
9,26,jennifer-best,3478610531759830282,5542b9129a81f9a5b5207a8b7187d20115154da5f8644f457f4c758e3bb80950,2.6499325400664020e-8,0.011892152715085071,0.11300235638312171,2.2240446108785685e-8,-4.2588792918785106e-11,806303721965,2199023255552,0.36666448157347986
10,84,michelle-taylor,1513056364632441852,24c447ecffce18d69e3af4d8b9f68de0b882f50e1a92ec4265c8d1ed48f1db3f,2.6120513751948238e-8,0.011722152690229030,0.12472450907335074,2.2244272489075743e-8,-3.8762412628726801e-11,806303721965,2199023255552,0.36666448157347986
11,2,raymond-barnes,4030325997523501402,5f0c2d71ebe42446124e2bc481f966b7836e4295c1a6e30ba49bc49c53edcd34,2.6107828787758081e-8,0.011716460034697090,0.13644096910804784,2.2244400620027160e-8,-3.8634281677309634e-11,806303721965,2199023255552,0.36666448157347986
12,33,mark-sweeney,420371704280610938,6430f5e64c91ceecbe7714cedeb078f6c4d4fca044ffe15469e54787255b9084,2.5810996007180620e-8,0.011583249822584216,0.14802421893063206,2.2247398930942084e-8,-3.5635970762385622e-11,806303721965,2199023255552,0.36666448157347986
13,78,george-chase,5495818927611162469,ea4206452598cb900a4c8965c656918a115a596b7dfc5c7f7a1f967bc231298f,2.5721387686417074e-8,0.011543036125859859,0.15956725505649191,2.2248304065495250e-8,-3.4730836209219397e-11,806303721965,2199023255552,0.36666448157347986
14,21,marissa-perez,6127855443806155466,36a526a0cbb238068affa00266a7858faf86e2233d263955c07e22d9f748c415,2.5458252395083036e-8,0.011424948400155174,0.17099220345664709,2.2250961997730947e-8,-3.2072903973522512e-11,806303721965,2199023255552,0.36666448157347986
15,95,mark-snyder,3109974749458014971,6a83c6642a00c2b50d87dfd3865708f6d5b2231cd0727fad57231d9f4352d18a,2.5385713087189288e-8,0.011392394796835995,0.18238459825348308,2.2251694718012702e-8,-3.1340183691768278e-11,806303721965,2199023255552,0.36666448157347986
16,9,christina-lopez,2704129700552098135,f178769226c1630ee8564ab45329ec3d241a6bf63d84c29f1b54ab2ec3b71805,2.5271354786582378e-8,0.011341074004533075,0.19372567225801615,2.2252849852362266e-8,-3.0185049342204005e-11,806303721965,2199023255552,0.36666448157347986
17,76,scott-young,5322187042263020144,f9e78522cb222de36c3afb30939d481ce9da5d380fd7f3f02ea3001df650698f,2.5182886886909728e-8,0.011301372096753052,0.20502704435476921,2.2253743467510474e-8,-2.9291434193995513e-11,806303721965,2199023255552,0.36666448157347986
18,3,steven-rice,6959524404880716684,c119d75f202a5aff3182f13653924915626797844fcc3e48a3df3886e8410d1b,2.4984169399999701e-8,0.011212193271791994,0.21623923762656119,2.2255750714853000e-8,-2.7284186851469952e-11,806303721965,2199023255552,0.36666448157347986
19,92,james-perez,4058513975018849492,5ddc87ab888496423c77509a34dd270bdeab52cf48809924fda8923b11c662cc,2.4790121955220457e-8,0.011125110230529782,0.22736434785709098,2.2257710790052793e-8,-2.5324111651677002e-11,806303721965,2199023255552,0.36666448157347986
20,54,james-parsons,2633982697218239142,a1996a2e2c23b64781bf8fffc7d2a491217f5a572fc447925d9c6dbea1249eec,2.4756007022119775e-8,0.011109800407046953,0.23847414826413793,2.2258055385336636e-8,-2.4979516367833369e-11,806303721965,2199023255552,0.36666448157347986
21,88,heather-strickland,4126904310431152331,c48f38818f6dcfb03a0b9b573ded71a2017b6311a0afe526aabc1cc853058c57,2.4635188111687967e-8,0.011055580274571835,0.24952972853870978,2.2259275778371301e-8,-2.3759123333168674e-11,806303721965,2199023255552,0.36666448157347986
22,64,diane-jones,379099306488066524,f39af2cc5ed93f648e47eeb3c62100c9cc6e8b11fbcc96a9e5b4cdefb940134a,2.4423824740438249e-8,0.010960726332017740,0.26049045487072753,2.2261410761919280e-8,-2.1624139785189891e-11,806303721965,2199023255552,0.36666448157347986
23,7,renee-park,3642947882172421415,eca85716a43ebce6b8cb41f3950e3eab1e186b41b9fb19afa117c49910ad7803,2.4277749588463848e-8,0.010895171907937370,0.27138562677866490,2.2262886268504877e-8,-2.0148633199592590e-11,806303721965,2199023255552,0.36666448157347986
24,55,victor-short,3088209523042816135,8bfb2b68452b03f0e0b07ec399ddd706198578d50fa8b6dadd4e483ae6aceb55,2.4231052719869695e-8,0.010874215665306981,0.28225984244397184,2.2263357954046233e-8,-1.9676947658236732e-11,806303721965,2199023255552,0.36666448157347986
25,39,rebecca-jackson,9077028007935113016,704c66277f8f4d1664d846b2212963ef39b597d3c0c59f91f2a4fc4a66f65e46,2.4223508532372762e-8,0.010870830045919761,0.29313067248989161,2.2263434157960344e-8,-1.9600743744126132e-11,806303721965,2199023255552,0.36666448157347986
26,99,kelsey-gonzalez,998801302670386654,dd2bc4637d80b652e51c94d5120e9364e1e7fbadda9d59e38610853c1e728673,2.4196536330123308e-8,0.010858725679360881,0.30398939816925252,2.2263706604447713e-8,-1.9328297256756880e-11,806303721965,2199023255552,0.36666448157347986
27,14,troy-richardson,3448660450172082933,bede3e842a6e9d216062c411d49188baffd3d10ea32751a1124bbd3cbe302b8d,2.4187464475744491e-8,0.010854654485998382,0.31484405265525089,2.2263798239340427e-8,-1.9236662364042525e-11,806303721965,2199023255552,0.36666448157347986
28,15,sharon-whitehead,944045338291930753,15f1f91886ddd3c6ebfee30327ff5d919d691a4eecb09b5fc109acc874c117d3,2.4181140645396226e-8,0.010851816528612343,0.32569586918386323,2.2263862116414652e-8,-1.9172785289817561e-11,806303721965,2199023255552,0.36666448157347986
29,96,kathleen-mueller,2405080982703051941,b845fff7cb78f640cb9d459348014863c23d85d51d20771e4f9985256e6c2d2d,2.4071637128031398e-8,0.010802674426628536,0.33649854361049175,2.2264968212549651e-8,-1.8066689154818759e-11,806303721965,2199023255552,0.36666448157347986
30,83,denise-smith,5783865521103757372,4a178e8e537c913d9690a1cc163eb65f5c48e0d2971210d78c71bff25785b3fa,2.4040382129442150e-8,0.010788648061401753,0.34728719167189354,2.2265283919606107e-8,-1.7750982098362917e-11,806303721965,2199023255552,0.36666448157347986
31,59,amy-fields,1202559381807847992,359e37dc7d765f0d169e97916af3455f942b50bb32c670420d9d7df22656e843,2.3975019303179579e-8,0.010759315061408304,0.35804650673330179,2.2265944150174416e-8,-1.7090751530053578e-11,806303721965,2199023255552,0.36666448157347986
32,48,maria-calderon,3276298747013761189,8ed535d3c8c3acc643fc667450b72b3fbfa9ee4144670617a94079efd4f0c382,2.3970414986251853e-8,0.010757248773333974,0.36880375550663580,2.2265990658426211e-8,-1.7044243278258673e-11,806303721965,2199023255552,0.36666448157347986
33,43,renee-garcia,2457771942486756887,b2c6ef3a1e9f575944720b48902dae6b26406b96b58b33a3044cbf8923590ce9,2.3957785089123718e-8,0.010751580830352308,0.37955533633698813,2.2266118233144677e-8,-1.6916668559792354e-11,806303721965,2199023255552,0.36666448157347986
34,52,richard-davis,6516760550695168709,ad34b89a2822f75eb35543a7a3d2ef9a389c01a6c7754e12fff00d7df6cc43de,2.3916976843452176e-8,0.010733267236242907,0.39028860357323103,2.2266530437646412e-8,-1.6504464058058036e-11,806303721965,2199023255552,0.36666448157347986
35,62,walter-moore,1846860118540496368,8813ded25511f2b3704565af6f9537175b632cbe7b544a5242b59cf3fb39e3c6,2.3787180225554039e-8,0.010675018160894464,0.40096362173412547,2.2267841514594876e-8,-1.5193387109593778e-11,806303721965,2199023255552,0.36666448157347986
36,38,daniel-smith,2787599716161986387,f7bef65e375895d4c235f8f5f1ff3fe10b77b005802052292c787585bd393a9b,2.3774944679644250e-8,0.010669527191659905,0.41163314892578540,2.2267965105967703e-8,-1.5069795736766926e-11,806303721965,2199023255552,0.36666448157347986
37,20,lisa-aguirre,7926735209001626063,a239eb56b9cbdf2c8fb997b63b66f5a6d8e4894bfdf25f5a50c91ffaf911ca74,2.3651058000950798e-8,0.010613930330980941,0.42224707925676630,2.2269216486560565e-8,-1.3818415143904540e-11,806303721965,2199023255552,0.36666448157347986
38,24,justin-thomas,3687427835061578571,59c85090a2b952ae6ef5cc654bfb4a7f6c1af0d93949547e8245049c0ea87eca,2.3586405717423986e-8,0.010584916202603902,0.43283199545937023,2.2269869539929524e-8,-1.3165361774946246e-11,806303721965,2199023255552,0.36666448157347986
39,8,justin-johnson,1231855977102813932,5752ff4f59f5f6f7172117a06b4dafa83fefaa27e88977cc7b8503b5df97b65d,2.3329354448264894e-8,0.010469558815114717,0.44330155427448492,2.2272466017395776e-8,-1.0568884308693928e-11,806303721965,2199023255552,0.36666448157347986
40,46,lisa-mitchell,2621221337532183241,8eb3cfd3bd7500ba0e565cce7b42647137f0f802fa87b5cf11a40a0c3fa293bb,2.3308610153094378e-8,0.010460249358273662,0.45376180363275859,2.2272675555730832e-8,-1.0359345973638142e-11,806303721965,2199023255552,0.36666448157347986
41,87,travis-reed,6991373316760258100,69d0b47c49a0d7a9c7eb51a5dd98c2cd93b2179323efcd59c01274368b24694d,2.3226551348898283e-8,0.010423423672473647,0.46418522730523226,2.2273504432540894e-8,-9.5304691635759461e-12,806303721965,2199023255552,0.36666448157347986
42,28,terri-salazar,1023494082822387594,6ba755b6d3c664eb3e057e7e43e0b8a7fe992cfd18e7591d86fb9b32870b3887,2.2984426806260672e-8,0.010314764980466172,0.47449999228569845,2.2275950134991781e-8,-7.0847667126890072e-12,806303721965,2199023255552,0.36666448157347986
43,60,erica-whitaker,7850441526471123853,35789402945d10752ffd401243bcc674fb42a192ca6b606aa476022adc23cb09,2.2979557812163875e-8,0.010312579912714731,0.48481257219841317,2.2275999316750333e-8,-7.0355849541366477e-12,806303721965,2199023255552,0.36666448157347986
44,30,katherine-allen,3695113754369497827,4c1ce8ecde2b26317ae242f0a3af865677506a30626e5ec69c475a5ce4917d1c,2.2973807745074737e-8,0.010309999444158943,0.49512257164257212,2.2276057398236083e-8,-6.9775034683872715e-12,806303721965,2199023255552,0.36666448157347986
45,18,william-bryant,2176353874128788411,884147c379c3a9acab0225e74309f27cf09ed4302b1cdbea28a523e69c18cd9b,2.2941229360640136e-8,0.010295379180546597,0.50541795082311869,2.2276386472826329e-8,-6.6484288781408528e-12,806303721965,2199023255552,0.36666448157347986
46,65,brandon-king,4758217560929263782,01038364428cf3cc3a0cc6dfccf5e8380aa5c976b7bdf3cd5dadd569a7456d40,2.2940129795756548e-8,0.010294885726720203,0.51571283654983890,2.2276397579542326e-8,-6.6373221621437702e-12,806303721965,2199023255552,0.36666448157347986
47,44,anita-collier,8005359733654539502,5ed3a2684fa49197d6ebe17684b4ea03675684923c9ab689fc40ce7bcf9f8c09,2.2908977825863985e-8,0.010280905597877799,0.52599374214771666,2.2276712245904877e-8,-6.3226557995928709e-12,806303721965,2199023255552,0.36666448157347986
48,0,logan-fitzgerald,6319981554997072999,713d7f4b5f8dc36c53763046e57b25793c4d44e8d93f82174589be132e45af82,2.2904696805881031e-8,0.010278984396388937,0.53627272654410563,2.2276755488530967e-8,-6.2794131735029885e-12,806303721965,2199023255552,0.36666448157347986
49,11,john-koch,7223822770173254400,83693ba40d4d28ec44a9450e4ccb176c48c69de1c02dae3c98ce2d861e0dec5d,2.2862078452590140e-8,0.010259858476836735,0.54653258502094237,2.2277185976948046e-8,-5.8489247564238515e-12,806303721965,2199023255552,0.36666448157347986
50,10,randy-murray,2106691863424732350,5bfc3630831da9c1f4e903c4af0559d2247ef4959528b1c5f9dc1016813079da,2.2792757903289385e-8,0.010228749361939888,0.55676133438288222,2.2277886184516740e-8,-5.1487171877296536e-12,806303721965,2199023255552,0.36666448157347986
51,22,matthew-cruz,9076486323495801462,56401bf34f4cd882a1b6812855c77838742ba4443bec7df9e73da306827ba75e,2.2759820694773225e-8,0.010213968068161257,0.56697530245104355,2.2278218883592662e-8,-4.8160181118076814e-12,806303721965,2199023255552,0.36666448157347986
52,32,nathan-valdez,5916827073025923411,88100654a95b5fd3d66e8a7667c116f9d33339a60116afd81036d172533996d0,2.2571551738792550e-8,0.010129478250319490,0.57710478070136295,2.2280120590218729e-8,-2.9143114857411935e-12,806303721965,2199023255552,0.36666448157347986
53,25,jose-booker,6591564818157006431,29c11c39c0774f3014817120cbf88e829de5f9397cbbdd0a6466d7449f461015,2.2550967315737580e-8,0.010120240539592125,0.58722502124095510,2.2280328513683932e-8,-2.7063880205379045e-12,806303721965,2199023255552,0.36666448157347986
54,98,elizabeth-hughes,8915680942698473024,4cd7860eb6d194b7a55d340a25a147b616266d4a9a41a951f05332903378bdd5,2.2296399393439970e-8,0.010005997608402291,0.59723101884935736,2.2282899906838452e-8,-1.3499486601752214e-13,806303721965,2199023255552,0.36666448157347986
55,68,barbara-walls,7508821215085830111,500303650e166c0c9f2aa520463585dee271dae27026b8faa60f78102ddcc6cc,2.2261648524590782e-8,0.0099904023948227758,0.60722142124418022,2.2283250925715719e-8,2.1602401124930010e-13,806303721965,2199023255552,0.36666448157347986
56,89,kyle-petersen,4421956426608759848,87be179b52cba9cd713570cf58456ecdfbcafba679cfd9718622fb729b7920f9,2.2199747817808202e-8,0.0099626230967802803,0.61718404434096052,2.2283876185380188e-8,8.4128367571817284e-13,806303721965,2199023255552,0.36666448157347986
57,4,sarah-kelley,3958198382245770826,aceb6cb1873b1b5ad81156a61a30f78139d3824a10670fba990052d5884e93a9,2.2046663161745528e-8,0.0098939230042040371,0.62707796734516452,2.2285422495037388e-8,2.3875933329177375e-12,806303721965,2199023255552,0.36666448157347986
58,61,mallory-morales,7713237186030878987,e80975fb211bcf2fdbd00a5b1371b8dd4bee6723b6c18a9f7b3f878e911bd641,2.1763593593959740e-8,0.0097668893353010031,0.63684485668046553,2.2288281783600881e-8,5.2468818964111423e-12,806303721965,2199023255552,0.36666448157347986
59,69,deborah-harris,7407377602205352667,bb1fbc618dace33512e327ae5ef1823f9dd2285e6e5c563f27f86f913a5f785b,2.1699335661651276e-8,0.0097380521806710706,0.64658290886113656,2.2288930853624196e-8,5.8959519197266610e-12,806303721965,2199023255552,0.36666448157347986
60,36,patricia-cochran,4049013147162560479,3a12cc823cec3db7b896b704d56f51353029bd9025e06c873eef457d638965db,2.1675646166841034e-8,0.0097274210009799991,0.65631032986211657,2.2289170141450565e-8,6.1352397460948782e-12,806303721965,2199023255552,0.36666448157347986
61,91,robert-patrick,7649872791877645292,9550998b285af76d0999ac71d3c98698194dd95cdffa383d9107f9fcbc2edb1e,2.1599023014573504e-8,0.0096930346830455122,0.66600336454516207,2.2289944112685589e-8,6.9092109811192620e-12,806303721965,2199023255552,0.36666448157347986
62,13,crystal-gonzales,8412308475179182746,4854a290abb533bbdcf4fb7730b6748e0e0b522ffdeae8a4ca3fa99dd217ff2b,2.1563637986332651e-8,0.0096771548765483516,0.67568051942171048,2.2290301537213276e-8,7.2666355088059492e-12,806303721965,2199023255552,0.36666448157347986
63,77,debra-jones,8995904922783675230,3733881d409a94dc67e6e479940b2dcc14a66733776340a0978d959dd207f809,2.1553917761707453e-8,0.0096727927128358784,0.68535331213454631,2.2290399721300397e-8,7.3648195959270575e-12,806303721965,2199023255552,0.36666448157347986
64,74,steven-montgomery,2009240036358336991,bffb01eb8f0dd16bb32567d4cdff131bf9659087ae7947ead31a50242fc4c531,2.1409814365824786e-8,0.0096081231574910442,0.69496143529203736,2.2291855311157797e-8,8.8204094533270275e-12,806303721965,2199023255552,0.36666448157347986
65,57,gregory-wilson,7580473291617765187,8f789f34613f464917a9b71906c71e7c1b0b6e4f6efa8802a47c654be4e3c9b6,2.1275180728252963e-8,0.0095477033636138971,0.70450913865565123,2.2293215246890846e-8,1.0180345186376454e-11,806303721965,2199023255552,0.36666448157347986
66,42,crystal-carrillo,4977787987958539383,3ae9032fbc7fd467dabf63f3efbb6c03631104620500d258d66d3c919ca15c2b,2.1153159224240881e-8,0.0094929435409280075,0.71400208219657924,2.2294447787335413e-8,1.1412885630943173e-11,806303721965,2199023255552,0.36666448157347986
67,12,susan-butler,996126425053749872,fa549e11b6cc5199c699e81a2cc810871dc7aa786f906aa579ff6021d27b87c1,2.1024492369292602e-8,0.0094352014714496561,0.72343728366802895,2.2295747452536910e-8,1.2712550832439865e-11,806303721965,2199023255552,0.36666448157347986
68,1,william-graves,2392109381927064353,94aceb2899414d669f70fc28116ea77c1709d65c1264892ed7e68b0add73cfc4,2.0841751435796141e-8,0.0093531924747835490,0.73279047614281245,2.2297593320552027e-8,1.4558418847557073e-11,806303721965,2199023255552,0.36666448157347986
69,6,cheryl-graham,6455969887580159404,bd4df7a96ed021c89e26464cfbcb734a2ee2075fdb7f9cb216aba631371ee7e6,2.0817978452214447e-8,0.0093425238276775499,0.74213299997048998,2.2297833451699316e-8,1.4798549994846606e-11,806303721965,2199023255552,0.36666448157347986
70,23,dana-parker,4238367645243012349,364296baa626d306f657ba27bc68fcb64d8ce9b2114dfac2b5c90d1192439881,2.0802696454325087e-8,0.0093356656963876367,0.75146866566687764,2.2297987815314361e-8,1.4952913609890818e-11,806303721965,2199023255552,0.36666448157347986
71,51,daniel-vasquez,2096587585286866638,31785522842a3f5bfd079033dc74d77da1b758eb738e31ca883aab5309211ab4,2.0608570849844909e-8,0.0092485475792476197,0.76071721324612529,2.2299948680006081e-8,1.6913778301611654e-11,806303721965,2199023255552,0.36666448157347986
72,80,jacob-adams,3515154164765914809,d11adb5ee9963dc4444b4792cba9263ded77e7235e549255ce826342e1ce5c91,2.0538553968663109e-8,0.0092171259701666931,0.76993433921629195,2.2300655921230140e-8,1.7621019525670009e-11,806303721965,2199023255552,0.36666448157347986
73,86,judith-maxwell,7552522903653607488,347f93fdb529d6a9fefa7c3fc2f2fd10fa355d0e5436d37332f0b6b75213512a,2.0270789491405594e-8,0.0090969607958811052,0.77903130001217313,2.2303360612919609e-8,2.0325711215138855e-11,806303721965,2199023255552,0.36666448157347986
74,72,sandra-powell,5937758525897362098,e6d0080647fb1f16a87fbd0a7e25497cf4fc3384d02124aec52c993265cc562f,1.9883477975213282e-8,0.0089231462693137725,0.78795444628148681,2.2307272850456906e-8,2.4237948752435942e-11,806303721965,2199023255552,0.36666448157347986
75,71,mary-garrett,8915800854652069828,65f55370857f9258123bd511b037011ea385e1039d07c770c7609fa151b245fa,1.9829284880756859e-8,0.0088988259311302709,0.79685327221261715,2.2307820255451415e-8,2.4785353746944996e-11,806303721965,2199023255552,0.36666448157347986
76,85,ashley-williams,5008846919609497772,fb04cd2e9293162b111e1b762a0f6a1e2a345da15f6230fb6ce81a9307d132db,1.9791940530922147e-8,0.0088820668361508631,0.80573533904876804,2.2308197471106309e-8,2.5162569401838833e-11,806303721965,2199023255552,0.36666448157347986
77,17,william-simmons,834438545481244494,97a1b988dec4e58c6283b735f5cea37cbe6e2af732b7289c9f7d758924f45aed,1.9689935015776427e-8,0.0088362896268992103,0.81457162867566724,2.2309227829845154e-8,2.6192928140684422e-11,806303721965,2199023255552,0.36666448157347986
78,5,christopher-morales,7846555140217393207,1dedfc1aabb61c8a578f2a91059b26ba4c68c7efe1095d46cd731e50c0d6e311,1.9606369860980521e-8,0.0087987879332724096,0.82337041660893961,2.2310071922317840e-8,2.7037020613370040e-11,806303721965,2199023255552,0.36666448157347986
79,97,michelle-kramer,1026162449252698879,82d69ce049a162abd35ed08818f2a22cea9f0067426b53b88ff373244ecb7032,1.9415582031001577e-8,0.0087131677155504721,0.83208358432449003,2.2311999072115609e-8,2.8964170411138995e-11,806303721965,2199023255552,0.36666448157347986
80,41,john-lee,4534372957096958739,f9e9c1fa4834089766a6963dc10002745d2124f2bb011077c579c620c4fc5b9d,1.9279147167594601e-8,0.0086519395821257304,0.84073552390661577,2.2313377202049013e-8,3.0342300344543090e-11,806303721965,2199023255552,0.36666448157347986
81,70,daniel-smith-2,2866660226654851759,70de7edbe3b267dcce527997973e55dfca9d35f9fb7394025d6a458fd229fb35,1.9176130905407263e-8,0.0086057087779997359,0.84934123268461559,2.2314417770353934e-8,3.1382868649464400e-11,806303721965,2199023255552,0.36666448157347986
82,53,darryl-lewis,2599332908236606914,7debc8b94181d079ba2f20ebd85a6c6055f755b236949ccca4acc363feaffc59,1.9149418051256362e-8,0.0085937207995808451,0.85793495348419635,2.2314687597163539e-8,3.1652695459069627e-11,806303721965,2199023255552,0.36666448157347986
83,29,monica-duncan,796435967347525644,c18bd5a207be92ae584aab94f4c9fda557a5d8bc51ec1a05e96737912fe976d3,1.9075741874985397e-8,0.0085606570016754143,0.86649561048587176,2.2315431800964258e-8,3.2396899259788181e-11,806303721965,2199023255552,0.36666448157347986
84,19,angela-hancock,8262064847276688196,d13fb7ce7da78370bc10f66d21e6f182691f9668a8f101d61b90fbd182a73a17,1.8942776236485770e-8,0.0085009857589177871,0.87499659624478965,2.2316774888221828e-8,3.3739986517358366e-11,806303721965,2199023255552,0.36666448157347986
85,75,jennifer-perez,3567951564090217873,d9be5a2688d06e40deef2fe68e6ffc1ec898e9c77b102a67ee55eba1b7e50cdf,1.8918395738865001e-8,0.0084900444765797587,0.88348664072136940,2.2317021155874564e-8,3.3986254170094002e-11,806303721965,2199023255552,0.36666448157347986
86,35,cory-clarke,2711634248630657917,c38c0e9e6e328bc9ebc50e6d6a34f8aad6ce2f76d6e3fe5d580e01243156e26e,1.8612675845020021e-8,0.0083528459777246523,0.89183948669909396,2.2320109235610373e-8,3.7074333905902818e-11,806303721965,2199023255552,0.36666448157347986
87,49,jay-harris,4470491132045783488,b5c8c2e1d8e60257e4b3039020132f7f7c74923d2665bf7f6c64301e8c579f3c,1.7752537218029829e-8,0.0079668399283761415,0.89980632662747018,2.2328797504569869e-8,4.5762602865399609e-11,806303721965,2199023255552,0.36666448157347986
88,82,pamela-carr,6158616676286068120,06824dc39adf4bf89930f7ddff6a7cfb06a39f09cd2b414765d12014ff9c20c4,1.7690597431396782e-8,0.0079390430923947427,0.90774536971986486,2.2329423158980302e-8,4.6388257275832425e-11,806303721965,2199023255552,0.36666448157347986
89,45,tina-webb,3197215999203804376,4556b9460c2a68b2b44a1b3b0bf7f228a9e7e6b30793f8512013ac8c3d281fc6,1.7672274310598368e-8,0.0079308201905866002,0.91567618991045152,2.2329608241008570e-8,4.6573339304100566e-11,806303721965,2199023255552,0.36666448157347986
90,81,courtney-baker,189314070552559745,c7bf9bd4631c0409baf6e916c746232669edc90ef85cc5f2056ac8d4f691f652,1.7664437024222934e-8,0.0079273030366576094,0.92360349294710908,2.2329687405517412e-8,4.6652503812942397e-11,806303721965,2199023255552,0.36666448157347986
91,31,stephanie-fowler,8052006587265362085,56aad1b4c6aa9d184be5c1a07cce75fec82030d51631a018ecfa5beb37f5fa38,1.7631585080835066e-8,0.0079125600074729484,0.93151605295458206,2.2330019243329413e-8,4.6984341624943038e-11,806303721965,2199023255552,0.36666448157347986
92,94,gregory-harrison,5678711027797573345,fb164679fdbd08f9528afbed32e9bd516060446328215ed5d0a1720b75351714,1.7569311339116211e-8,0.0078846133018318360,0.93940066625641383,2.2330648271023541e-8,4.7613369319071044e-11,806303721965,2199023255552,0.36666448157347986
93,16,adam-morrison,3786732390200298364,f9490b29537c33c5ed30f810b8704637adecba1bac17a6edbdf302aefb191d00,1.7482937764157214e-8,0.0078458512681411786,0.94724651752455502,2.2331520731376663e-8,4.8485829672193637e-11,806303721965,2199023255552,0.36666448157347986
94,79,troy-welch,5635285983559139555,86b86c9958f0824159c0df3c74ac85b710f82e49633c57cdcbabc51797caff77,1.7462550516711417e-8,0.0078367020442873681,0.95508321956884246,2.2331726663169044e-8,4.8691761464573885e-11,806303721965,2199023255552,0.36666448157347986
95,27,lisa-dean,2763505389249373930,02be51a0c668306a838807cb8fa3922e51f049352a65e5182f0385bace0de621,1.7422475906414547e-8,0.0078187176851219099,0.96290193725396434,2.2332131457212447e-8,4.9096555507976809e-11,806303721965,2199023255552,0.36666448157347986
96,66,samuel-simon,8384567043090176381,7b1fb326283656749692558bece4de141f41cb4630fd62c6ae950c5bc529520d,1.7265614715711308e-8,0.0077483227899044537,0.97065026004386878,2.2333715913684198e-8,5.0681011979728403e-11,806303721965,2199023255552,0.36666448157347986
97,63,dillon-taylor,1399957212469161720,acb4d6de824ce2bb173fb1407998662f09bb5a4a5c9367c6be50141092f17287,1.7196839507960249e-8,0.0077174584089732016,0.97836771845284198,2.2334410612752391e-8,5.1375711047920790e-11,806303721965,2199023255552,0.36666448157347986
98,58,daniel-graves,6256191955956926982,d0279f1b2ed46e5bea06ca8889553bf82af583fb6871b1352935dca8af54ae12,1.7138331642740923e-8,0.0076912017228990574,0.98605892017574104,2.2335001601289960e-8,5.1966699585490241e-11,806303721965,2199023255552,0.36666448157347986
99,50,robyn-davis,1972264219902224093,350ad6ab1d209bccdb416b59e25a0588ef080bce2aa8b54d2c0c59c61fab729c,1.6693341819973284e-8,0.0074915027928697366,0.99355042296861074,2.2339496447984580e-8,5.6461546280110580e-11,806303721965,2199023255552,0.36666448157347986
100,56,katherine-singh,6838115367257519733,aafcfa55448a6c792dcbe9d4b84d39755286c16259203a168c7fac2cd223aa27,1.4371615009167726e-8,0.0064495770313892104,1.0000000000000000,2.2362948233952313e-8,7.9913332247843186e-11,806303721965,2199023255552,0.36666448157347986
