row,name,network_id,target_sha256,v25_status,v29_status,v25_final_mse,v29_final_mse,delta_mse_v29_minus_v25,v25_official_adjusted_score,v29_official_adjusted_score,delta_score_v29_minus_v25,budget_flops,v25_measured_flops,v29_measured_flops,v25_residual_wall_time_s,v29_residual_wall_time_s,v25_wall_time_s,v29_wall_time_s,v29_failure_reasons
0,logan-fitzgerald,6319981554997072999,713d7f4b5f8dc36c53763046e57b25793c4d44e8d93f82174589be132e45af82,ok,ok,2.290469680588103e-8,2.2902616692022093e-8,-2.0801138589376933e-12,8.398338779926109e-9,6.116285366686641e-9,-2.282053413239468e-9,2199023255552,806303721965,587262754287,0.19043814401743475,0.3918096079883071,29.582959676999963,38.139570349999985,
1,william-graves,2392109381927064353,94aceb2899414d669f70fc28116ea77c1709d65c1264892ed7e68b0add73cfc4,ok,failed,2.084175143579614e-8,1.123910665512085,1.1239106446703335,7.641929985289522e-9,1.123910665512085,1.123910657870155,2199023255552,806303721965,558473140719,0.1818901949877727,0.43323872200062397,29.359253710000075,51.163595215999976,residual_wall_time_exhausted
2,raymond-barnes,4030325997523501402,5f0c2d71ebe42446124e2bc481f966b7836e4295c1a6e30ba49bc49c53edcd34,ok,ok,2.610782878775808e-8,2.609719729207427e-8,-1.0631495683810499e-11,9.572813507472489e-9,6.5910890486145704e-9,-2.9817244588579187e-9,2199023255552,806303721965,555383704047,0.17978168399804417,0.37521838000930074,29.35521239400009,47.10804302099996,
3,steven-rice,6959524404880716684,c119d75f202a5aff3182f13653924915626797844fcc3e48a3df3886e8410d1b,ok,ok,2.49841693999997e-8,2.4999200931574705e-8,1.503153157500492e-11,9.16080752059489e-9,6.313779891385445e-9,-2.847027629209445e-9,2199023255552,806303721965,555383704047,0.1817476780013294,0.3764123200071481,29.503844496000056,47.159933161000026,
4,sarah-kelley,3958198382245770826,aceb6cb1873b1b5ad81156a61a30f78139d3824a10670fba990052d5884e93a9,ok,ok,2.2046663161745528e-8,2.206217786238085e-8,1.5514700635321788e-11,8.08372831862656e-9,5.572007494516947e-9,-2.5117208241096124e-9,2199023255552,806303721965,555383704047,0.17665640799145876,0.37606937999976253,29.26671823200013,47.20351586799984,
5,christopher-morales,7846555140217393207,1dedfc1aabb61c8a578f2a91059b26ba4c68c7efe1095d46cd731e50c0d6e311,ok,ok,1.960636986098052e-8,1.9591336553048677e-8,-1.503330793184432e-11,7.188959440614323e-9,4.947973621739747e-9,-2.2409858188745762e-9,2199023255552,806303721965,555383704047,0.17869683698086192,0.37902741101174797,29.660207805000027,46.91555741000002,
6,cheryl-graham,6455969887580159404,bd4df7a96ed021c89e26464cfbcb734a2ee2075fdb7f9cb216aba631371ee7e6,ok,failed,2.0817978452214447e-8,0.68305504322052,0.6830550224025416,7.633213276589084e-9,0.68305504322052,0.6830550355873067,2199023255552,806303721965,555383704047,0.17815946699101914,0.45454136700323033,29.547478468999998,48.18016180100017,residual_wall_time_exhausted
7,renee-park,3642947882172421415,eca85716a43ebce6b8cb41f3950e3eab1e186b41b9fb19afa117c49910ad7803,ok,failed,2.4277749588463848e-8,1.0328001976013184,1.0328001733235688,8.901788466624862e-9,1.0328001976013184,1.03280018869953,2199023255552,806303721965,555383704047,0.1775738189949152,0.4150879389903821,29.60015902100008,49.172578422000015,residual_wall_time_exhausted
8,justin-johnson,1231855977102813932,5752ff4f59f5f6f7172117a06b4dafa83fefaa27e88977cc7b8503b5df97b65d,ok,failed,2.3329354448264894e-8,0.7100355625152588,0.7100355391859043,8.554045654217004e-9,0.7100355625152588,0.7100355539612131,2199023255552,806303721965,555383704047,0.177680135997889,0.44476353001027746,29.853414201000078,48.902445627999896,residual_wall_time_exhausted
9,christina-lopez,2704129700552098135,f178769226c1630ee8564ab45329ec3d241a6bf63d84c29f1b54ab2ec3b71805,ok,failed,2.527135478658238e-8,1.080543041229248,1.0805430159578933,9.266108201481707e-9,1.080543041229248,1.08054303196314,2199023255552,806303721965,555383704047,0.17912621800496709,0.4286408489974747,29.45468718500001,49.48210195799993,residual_wall_time_exhausted
10,randy-murray,2106691863424732350,5bfc3630831da9c1f4e903c4af0559d2247ef4959528b1c5f9dc1016813079da,ok,failed,2.2792757903289385e-8,0.9928691983222961,0.9928691755295382,8.357294760239438e-9,0.9928691983222961,0.9928691899650014,2199023255552,806303721965,555383704047,0.1792523719846031,0.5683625409965316,29.469635830000016,48.12825488700014,residual_wall_time_exhausted
11,john-koch,7223822770173254400,83693ba40d4d28ec44a9450e4ccb176c48c69de1c02dae3c98ce2d861e0dec5d,ok,ok,2.286207845259014e-8,2.2898783313962667e-8,3.6704861372527375e-11,8.382712143511188e-9,5.783299955091126e-9,-2.5994121884200617e-9,2199023255552,806303721965,555383704047,0.17930236999200133,0.39177191098633557,29.784456815000112,47.8567496940002,
12,susan-butler,996126425053749872,fa549e11b6cc5199c699e81a2cc810871dc7aa786f906aa579ff6021d27b87c1,ok,ok,2.1024492369292602e-8,2.1004170847049863e-8,-2.0321522242738865e-11,7.708934594932255e-9,5.304798017037032e-9,-2.4041365778952236e-9,2199023255552,806303721965,555383704047,0.17750234300206102,0.3935320740163206,29.39036020200001,47.979568368999935,
13,crystal-gonzales,8412308475179182746,4854a290abb533bbdcf4fb7730b6748e0e0b522ffdeae8a4ca3fa99dd217ff2b,ok,ok,2.156363798633265e-8,2.1573024255872042e-8,9.386269539390923e-12,7.906620143096858e-9,5.448467217648608e-9,-2.45815292544825e-9,2199023255552,806303721965,555383704047,0.17616218699913588,0.3837430310079526,29.601775965999877,46.99524160300007,
14,troy-richardson,3448660450172082933,bede3e842a6e9d216062c411d49188baffd3d10ea32751a1124bbd3cbe302b8d,ok,ok,2.418746447574449e-8,2.418477507148964e-8,-2.6894042548519792e-12,8.868684122575815e-9,6.108089092207349e-9,-2.760595030368466e-9,2199023255552,806303721965,555383704047,0.176552118995005,0.3851603099994918,29.750980219999974,47.334586731999934,
15,sharon-whitehead,944045338291930753,15f1f91886ddd3c6ebfee30327ff5d919d691a4eecb09b5fc109acc874c117d3,ok,failed,2.4181140645396226e-8,0.9540899991989136,0.9540899750177729,8.86636539859961e-9,0.9540899991989136,0.9540899903325482,2199023255552,806303721965,555383704047,0.17796542899645829,0.4062336939850866,29.491625526000007,47.68514816900006,residual_wall_time_exhausted
16,adam-morrison,3786732390200298364,f9490b29537c33c5ed30f810b8704637adecba1bac17a6edbdf302aefb191d00,ok,ok,1.7482937764157214e-8,1.749461553401943e-8,1.1677769862217247e-11,6.410372311676118e-9,4.4184272956781095e-9,-1.9919450159980085e-9,2199023255552,806303721965,555383704047,0.17798045999825263,0.3907049610118065,29.608291947999987,47.78224557599992,
17,william-simmons,834438545481244494,97a1b988dec4e58c6283b735f5cea37cbe6e2af732b7289c9f7d758924f45aed,ok,failed,1.9689935015776427e-8,0.6225106716156006,0.6225106519256656,7.219599814775172e-9,0.6225106716156006,0.6225106643960008,2199023255552,806303721965,555383704047,0.17739169200126526,0.4192656229986369,29.819539204999955,48.80056061200003,residual_wall_time_exhausted
18,william-bryant,2176353874128788411,884147c379c3a9acab0225e74309f27cf09ed4302b1cdbea28a523e69c18cd9b,ok,failed,2.2941229360640136e-8,0.5993338227272034,0.599333799785974,8.41173397017741e-9,0.5993338227272034,0.5993338143154694,2199023255552,806303721965,555383704047,0.1790763440048977,0.41122043700738686,29.801059573000202,48.86975950100009,residual_wall_time_exhausted
19,angela-hancock,8262064847276688196,d13fb7ce7da78370bc10f66d21e6f182691f9668a8f101d61b90fbd182a73a17,ok,failed,1.894277623648577e-8,0.8714466691017151,0.8714466501589389,6.9456432283134885e-9,0.8714466691017151,0.8714466621560718,2199023255552,806303721965,555383704047,0.17702787400708075,0.4116252330043153,29.625645675999976,48.43784615599998,residual_wall_time_exhausted
20,lisa-aguirre,7926735209001626063,a239eb56b9cbdf2c8fb997b63b66f5a6d8e4894bfdf25f5a50c91ffaf911ca74,ok,failed,2.3651058000950798e-8,0.5673137903213501,0.5673137666702921,8.672002920582928e-9,0.5673137903213501,0.5673137816493472,2199023255552,806303721965,555383704047,0.17841518500358688,0.4105039500159364,29.48526521100007,48.415842300999884,residual_wall_time_exhausted
21,marissa-perez,6127855443806155466,36a526a0cbb238068affa00266a7858faf86e2233d263955c07e22d9f748c415,ok,ok,2.5458252395083036e-8,2.5459257813054137e-8,1.0054179711005418e-12,9.334636916209923e-9,6.429971520675068e-9,-2.9046653955348553e-9,2199023255552,806303721965,555383704047,0.17814567200935016,0.3939337299852923,29.543685814000128,48.74424892500019,
22,matthew-cruz,9076486323495801462,56401bf34f4cd882a1b6812855c77838742ba4443bec7df9e73da306827ba75e,ok,failed,2.2759820694773225e-8,1.422933578491211,1.4229335557313902,8.345217855754383e-9,1.422933578491211,1.422933570145993,2199023255552,806303721965,555383704047,0.17873927300593095,0.5219197769856692,29.696288142999947,47.39772923400005,residual_wall_time_exhausted
23,dana-parker,4238367645243012349,364296baa626d306f657ba27bc68fcb64d8ce9b2114dfac2b5c90d1192439881,ok,ok,2.0802696454325087e-8,2.080405003823671e-8,1.3535839116229909e-12,7.627609910755575e-9,5.254255652023419e-9,-2.3733542587321557e-9,2199023255552,806303721965,555383704047,0.17538346300761987,0.38663317700502375,29.477331191000076,47.25470007099966,
24,justin-thomas,3687427835061578571,59c85090a2b952ae6ef5cc654bfb4a7f6c1af0d93949547e8245049c0ea87eca,ok,failed,2.3586405717423986e-8,0.9563151597976685,0.9563151362112627,8.648297224561027e-9,0.9563151597976685,0.9563151511493713,2199023255552,806303721965,555383704047,0.17980869001576139,0.4115424650162822,29.48799009000004,47.76398353400009,residual_wall_time_exhausted
25,jose-booker,6591564818157006431,29c11c39c0774f3014817120cbf88e829de5f9397cbbdd0a6466d7449f461015,ok,ok,2.255096731573758e-8,2.254415676361532e-8,-6.81055212226056e-12,8.268638739805409e-9,5.6937357330720736e-9,-2.574903006733335e-9,2199023255552,806303721965,555383704047,0.1770548560016323,0.39729158605587145,29.388324652999927,48.2949624580001,
26,jennifer-best,3478610531759830282,5542b9129a81f9a5b5207a8b7187d20115154da5f8644f457f4c758e3bb80950,ok,failed,2.649932540066402e-8,1.0742816925048828,1.0742816660055574,9.71636141008142e-9,1.0742816925048828,1.0742816827885213,2199023255552,806303721965,555383704047,0.1748066380059754,0.44689959495281073,29.505720510999936,48.22553106799978,residual_wall_time_exhausted
27,lisa-dean,2763505389249373930,02be51a0c668306a838807cb8fa3922e51f049352a65e5182f0385bace0de621,ok,failed,1.7422475906414547e-8,0.9184470772743225,0.9184470598518466,6.388203095951934e-9,0.9184470772743225,0.9184470708861194,2199023255552,806303721965,555383704047,0.18031745499092722,0.41338733403108563,29.711744387999943,47.98146651600018,residual_wall_time_exhausted
28,terri-salazar,1023494082822387594,6ba755b6d3c664eb3e057e7e43e0b8a7fe992cfd18e7591d86fb9b32870b3887,ok,failed,2.298442680626067e-8,1.1146550178527832,1.1146549948683564,8.427572939181162e-9,1.1146550178527832,1.1146550094252103,2199023255552,806303721965,555383704047,0.17602853600214985,0.40746604597188707,29.867959185000018,47.83273817400004,residual_wall_time_exhausted
29,monica-duncan,796435967347525644,c18bd5a207be92ae584aab94f4c9fda557a5d8bc51ec1a05e96737912fe976d3,ok,failed,1.9075741874985397e-8,1.203453779220581,1.2034537601448392,6.994397005221041e-9,1.203453779220581,1.203453772226184,2199023255552,806303721965,555383704047,0.17803702399032773,0.44675137300555434,29.824652171000025,48.57400829900007,residual_wall_time_exhausted
30,katherine-allen,3695113754369497827,4c1ce8ecde2b26317ae242f0a3af865677506a30626e5ec69c475a5ce4917d1c,ok,failed,2.2973807745074737e-8,0.6293458938598633,0.6293458708860555,8.423679306616625e-9,0.6293458938598633,0.629345885436184,2199023255552,806303721965,555383704047,0.1803787639971688,0.4791729029734597,30.101910593999946,49.83340156300028,residual_wall_time_exhausted
31,stephanie-fowler,8052006587265362085,56aad1b4c6aa9d184be5c1a07cce75fec82030d51631a018ecfa5beb37f5fa38,ok,failed,1.7631585080835066e-8,0.7221461534500122,0.7221461358184271,6.464876002983092e-9,0.7221461534500122,0.7221461469851362,2199023255552,806303721965,555383704047,0.17775215600408956,0.42419502300663225,29.529399900000044,49.50999452699989,residual_wall_time_exhausted
32,nathan-valdez,5916827073025923411,88100654a95b5fd3d66e8a7667c116f9d33339a60116afd81036d172533996d0,ok,failed,2.257155173879255e-8,0.7439994812011719,0.7439994586296201,8.276186316613349e-9,0.7439994812011719,0.7439994729249856,2199023255552,806303721965,555383704047,0.1774892100111174,0.43934100402611875,29.45055149199993,48.80872973800024,residual_wall_time_exhausted
33,mark-sweeney,420371704280610938,6430f5e64c91ceecbe7714cedeb078f6c4d4fca044ffe15469e54787255b9084,ok,failed,2.581099600718062e-8,1.1518570184707642,1.1518569926597682,9.46397546986804e-9,1.1518570184707642,1.1518570090067888,2199023255552,806303721965,555383704047,0.17302949100121623,0.4014744649803106,29.380603872000165,47.72986318299991,residual_wall_time_exhausted
34,rachel-warren,8920457781230169818,9a0f2ba7bb28224b911fa45bad3038ccbcdd564ab9bda3ee909ee4d51ba6dacd,ok,failed,2.766531004283479e-8,1.0958056449890137,1.0958056173237036,1.0143886564425604e-8,1.0958056449890137,1.095805634845127,2199023255552,806303721965,555383704047,0.17666065200478442,0.6026620060015375,29.554060448999962,48.22130933599965,residual_wall_time_exhausted
35,cory-clarke,2711634248630657917,c38c0e9e6e328bc9ebc50e6d6a34f8aad6ce2f76d6e3fe5d580e01243156e26e,ok,ok,1.861267584502002e-8,1.8600340823127226e-8,-1.233502189279534e-11,6.824607139409497e-9,4.697688465460044e-9,-2.1269186739494532e-9,2199023255552,806303721965,555383704047,0.17852364399459475,0.3964030559695857,29.64242024899977,48.38869401200009,
36,patricia-cochran,4049013147162560479,3a12cc823cec3db7b896b704d56f51353029bd9025e06c873eef457d638965db,ok,ok,2.1675646166841034e-8,2.1674754435707655e-8,-8.917311333789257e-13,7.947689564534954e-9,5.474160117415732e-9,-2.473529447119222e-9,2199023255552,806303721965,555383704047,0.17761762799591452,0.3961372739890976,29.501769816999968,48.394515168,
37,paige-miller,3703256763869420164,dc4f6133cdae0af9bf692f50d0579e217c04451fbbd6a54616a5579c59d30c8c,ok,failed,2.8312864941426596e-8,0.9797748327255249,0.97977480441266,1.0381321945608135e-8,0.9797748327255249,0.979774822344203,2199023255552,806303721965,555383704047,0.17861611998705484,0.48203055199201117,29.71099769300008,50.00482582500035,residual_wall_time_exhausted
38,daniel-smith,2787599716161986387,f7bef65e375895d4c235f8f5f1ff3fe10b77b005802052292c787585bd393a9b,ok,failed,2.377494467964425e-8,0.9675838947296143,0.9675838709546696,8.717427765399922e-9,0.9675838947296143,0.9675838860121865,2199023255552,806303721965,555383704047,0.1784495840256568,0.42951487004165756,29.540469846999713,50.73761030300011,residual_wall_time_exhausted
39,rebecca-jackson,9077028007935113016,704c66277f8f4d1664d846b2212963ef39b597d3c0c59f91f2a4fc4a66f65e46,ok,failed,2.4223508532372762e-8,1.2781486511230469,1.2781486268995383,8.881900197913224e-9,1.2781486511230469,1.2781486422411468,2199023255552,806303721965,555383704047,0.1778048940050212,0.4474008449969915,29.60000028200011,48.58335622799996,residual_wall_time_exhausted
40,sylvia-stanley,8509454987965736357,c19454fc2c5d601ce45e0eee52f0c097113c3f90a2c5fe718a20bead2ac1f673,ok,failed,2.691223777162577e-8,1.3028895854949951,1.3028895585827573,9.867761710515386e-9,1.3028895854949951,1.3028895756272334,2199023255552,806303721965,555383704047,0.18032090101087306,0.4280224669805648,30.018191110000316,49.55840220900018,residual_wall_time_exhausted
41,john-lee,4534372957096958739,f9e9c1fa4834089766a6963dc10002745d2124f2bb011077c579c620c4fc5b9d,ok,failed,1.92791471675946e-8,0.8439479470252991,0.8439479277461519,7.068978501384897e-9,0.8439479470252991,0.8439479399563206,2199023255552,806303721965,555383704047,0.1843212409885382,0.41468211799656274,30.145106520000354,48.60064853499989,residual_wall_time_exhausted
42,crystal-carrillo,4977787987958539383,3ae9032fbc7fd467dabf63f3efbb6c03631104620500d258d66d3c919ca15c2b,ok,failed,2.115315922424088e-8,0.9644876718521118,0.9644876506989526,7.756112160597555e-9,0.9644876718521118,0.9644876640959996,2199023255552,806303721965,555383704047,0.17849450201538275,0.41061470600197936,29.74536212000021,48.63302716099997,residual_wall_time_exhausted
43,renee-garcia,2457771942486756887,b2c6ef3a1e9f575944720b48902dae6b26406b96b58b33a3044cbf8923590ce9,ok,failed,2.3957785089123718e-8,0.6110778450965881,0.611077821138803,8.784468849352395e-9,0.6110778450965881,0.6110778363121193,2199023255552,806303721965,555383704047,0.17995096300819569,0.40112535399021,29.758593865999956,47.98960024799999,residual_wall_time_exhausted
44,anita-collier,8005359733654539502,5ed3a2684fa49197d6ebe17684b4ea03675684923c9ab689fc40ce7bcf9f8c09,ok,ok,2.2908977825863985e-8,2.290025946649621e-8,-8.71835936777643e-12,8.399908477898764e-9,5.783672771094662e-9,-2.6162357068041023e-9,2199023255552,806303721965,555383704047,0.17737553599636158,0.39509364801551783,29.489029073999973,48.6950653949998,
45,tina-webb,3197215999203804376,4556b9460c2a68b2b44a1b3b0bf7f228a9e7e6b30793f8512013ac8c3d281fc6,ok,failed,1.7672274310598368e-8,1.149457573890686,1.1494575562184117,6.479795298319877e-9,1.149457573890686,1.1494575674108907,2199023255552,806303721965,555383704047,0.17840544700038663,0.4122694359930392,29.454211846999897,48.278355103000195,residual_wall_time_exhausted
46,lisa-mitchell,2621221337532183241,8eb3cfd3bd7500ba0e565cce7b42647137f0f802fa87b5cf11a40a0c3fa293bb,ok,failed,2.3308610153094378e-8,1.0140492916107178,1.0140492683021076,8.5464394579827e-9,1.0140492916107178,1.0140492830642782,2199023255552,806303721965,555383704047,0.17720510700519299,0.5729315080016022,29.825090283999998,48.685188518999894,residual_wall_time_exhausted
47,douglas-kelly,1876000384391229791,e7e276e55667cc175301cc5a865679be7f8b6cec5cc460935d417c6f3d86f4db,ok,ok,3.028865336318631e-8,3.032873507891054e-8,4.008171572422725e-11,1.1105773382971547e-8,7.65980313516844e-9,-3.445970247803107e-9,2199023255552,806303721965,555383704047,0.17947029901733913,0.3927463060053924,29.760557827999946,47.933681504000106,
48,maria-calderon,3276298747013761189,8ed535d3c8c3acc643fc667450b72b3fbfa9ee4144670617a94079efd4f0c382,ok,ok,2.3970414986251853e-8,2.3990024189401993e-8,1.9609203150139365e-11,8.789099784035208e-9,6.058902951957501e-9,-2.730196832077707e-9,2199023255552,806303721965,555383704047,0.17815311099047904,0.3992267389744484,29.42085981199989,47.12157488899993,
49,jay-harris,4470491132045783488,b5c8c2e1d8e60257e4b3039020132f7f7c74923d2665bf7f6c64301e8c579f3c,ok,ok,1.775253721802983e-8,1.775422475702726e-8,1.687538997430238e-12,6.5092248556628134e-9,4.483994011043591e-9,-2.0252308446192223e-9,2199023255552,806303721965,555383704047,0.17705010800409582,0.39598979901165876,29.431594071999825,47.735509599000125,
50,robyn-davis,1972264219902224093,350ad6ab1d209bccdb416b59e25a0588ef080bce2aa8b54d2c0c59c61fab729c,ok,failed,1.6693341819973284e-8,0.6412724852561951,0.6412724685628532,6.120855524149395e-9,0.6412724852561951,0.6412724791353396,2199023255552,806303721965,555383704047,0.178596459030814,0.4062148650150448,29.48754515199971,47.709998525000174,residual_wall_time_exhausted
51,daniel-vasquez,2096587585286866638,31785522842a3f5bfd079033dc74d77da1b758eb738e31ca883aab5309211ab4,ok,ok,2.060857084984491e-8,2.060649251234281e-8,-2.078337502098293e-12,7.556430946628714e-9,5.204360667867932e-9,-2.3520702787607814e-9,2199023255552,806303721965,555383704047,0.17915983300599692,0.39447939301044244,29.625473716000215,47.33845791800013,
52,richard-davis,6516760550695168709,ad34b89a2822f75eb35543a7a3d2ef9a389c01a6c7754e12fff00d7df6cc43de,ok,failed,2.3916976843452176e-8,0.9374372959136963,0.9374372719967194,8.769505915109316e-9,0.9374372959136963,0.9374372871441904,2199023255552,806303721965,555383704047,0.17889225199996872,0.4036173649901684,29.244577821999883,47.286307863000275,residual_wall_time_exhausted
53,darryl-lewis,2599332908236606914,7debc8b94181d079ba2f20ebd85a6c6055f755b236949ccca4acc363feaffc59,ok,ok,1.914941805125636e-8,1.916129654944143e-8,1.1878498185069475e-11,7.0214114421977505e-9,4.839363033157398e-9,-2.1820484090403527e-9,2199023255552,806303721965,555383704047,0.17624656200086974,0.38674230099604756,29.1229078209999,46.94764239699998,
54,james-parsons,2633982697218239142,a1996a2e2c23b64781bf8fffc7d2a491217f5a572fc447925d9c6dbea1249eec,ok,ok,2.4756007022119775e-8,2.4712116797331873e-8,-4.389022478790139e-11,9.077148480594975e-9,6.241274132546215e-9,-2.8358743480487597e-9,2199023255552,806303721965,555383704047,0.17805145599913885,0.39218276601013713,29.327570581000145,47.672491851999894,
55,victor-short,3088209523042816135,8bfb2b68452b03f0e0b07ec399ddd706198578d50fa8b6dadd4e483ae6aceb55,ok,ok,2.4231052719869695e-8,2.4231972872712504e-8,9.201528428093297e-13,8.88466638351068e-9,6.120009334342055e-9,-2.764657049168625e-9,2199023255552,806303721965,555383704047,0.17703941200943518,0.38520499199239566,29.425423407999915,46.752324730000055,
56,katherine-singh,6838115367257519733,aafcfa55448a6c792dcbe9d4b84d39755286c16259203a168c7fac2cd223aa27,ok,ok,1.4371615009167726e-8,1.438677088572149e-8,1.5155876553762937e-11,5.269560766710126e-9,3.633512325808415e-9,-1.6360484409017113e-9,2199023255552,806303721965,555383704047,0.17867630197179096,0.38735840899971663,29.81771036300006,46.76457751600037,
57,gregory-wilson,7580473291617765187,8f789f34613f464917a9b71906c71e7c1b0b6e4f6efa8802a47c654be4e3c9b6,ok,failed,2.1275180728252963e-8,0.691040575504303,0.6910405542291223,7.800853112106962e-9,0.691040575504303,0.6910405677034499,2199023255552,806303721965,555383704047,0.18072534698785603,0.4091554730075586,29.59886709500006,47.53365454799996,residual_wall_time_exhausted
58,daniel-graves,6256191955956926982,d0279f1b2ed46e5bea06ca8889553bf82af583fb6871b1352935dca8af54ae12,ok,failed,1.7138331642740923e-8,0.9390746355056763,0.9390746183673446,6.2840174868199655e-9,0.9390746355056763,0.9390746292216587,2199023255552,806303721965,555383704047,0.17936694699164946,0.5540301649853063,29.694219100000282,47.696486330000425,residual_wall_time_exhausted
59,amy-fields,1202559381807847992,359e37dc7d765f0d169e97916af3455f942b50bb32c670420d9d7df22656e843,ok,failed,2.397501930317958e-8,1.1209683418273926,1.1209683178523733,8.790788023514512e-9,1.1209683418273926,1.1209683330366045,2199023255552,806303721965,555383704047,0.18085111599521042,1.2995900200139658,29.89034249400038,48.22529558899987,residual_wall_time_exhausted
60,erica-whitaker,7850441526471123853,35789402945d10752ffd401243bcc674fb42a192ca6b606aa476022adc23cb09,ok,failed,2.2979557812163875e-8,0.5836855173110962,0.5836854943315384,8.425787651984876e-9,0.5836855173110962,0.5836855088853086,2199023255552,806303721965,555383704047,0.1801721730043937,0.40175777202375684,29.329077977999987,47.22142177999967,residual_wall_time_exhausted
61,mallory-morales,7713237186030878987,e80975fb211bcf2fdbd00a5b1371b8dd4bee6723b6c18a9f7b3f878e911bd641,ok,ok,2.176359359395974e-8,2.177138469505735e-8,7.791101097609499e-12,7.979936762305155e-9,5.4985649849973545e-9,-2.4813717773078006e-9,2199023255552,806303721965,555383704047,0.1784572879832922,0.39065794197313153,29.62220498700026,47.62894862499934,
62,walter-moore,1846860118540496368,8813ded25511f2b3704565af6f9537175b632cbe7b544a5242b59cf3fb39e3c6,ok,ok,2.378718022555404e-8,2.3795964310124873e-8,8.784084570834239e-12,8.721914105497703e-9,6.009891330871763e-9,-2.7120227746259398e-9,2199023255552,806303721965,555383704047,0.17803718199411378,0.3985184669836599,29.64993971900003,47.066844191999735,
63,dillon-taylor,1399957212469161720,acb4d6de824ce2bb173fb1407998662f09bb5a4a5c9367c6be50141092f17287,ok,ok,1.719683950796025e-8,1.7189588419341817e-8,-7.251088618431822e-12,6.305470242888581e-9,4.341389870832006e-9,-1.9640803720565752e-9,2199023255552,806303721965,555383704047,0.17885257200850901,0.39825473199289263,29.50228441499985,47.630929795000156,
64,diane-jones,379099306488066524,f39af2cc5ed93f648e47eeb3c62100c9cc6e8b11fbcc96a9e5b4cdefb940134a,ok,ok,2.442382474043825e-8,2.4420131694569136e-8,-3.693045869113121e-12,8.955349036494322e-9,6.167530588684417e-9,-2.7878184478099052e-9,2199023255552,806303721965,555383704047,0.1776459460093065,0.39310599106465816,29.87493029999996,47.660496964999766,
65,brandon-king,4758217560929263782,01038364428cf3cc3a0cc6dfccf5e8380aa5c976b7bdf3cd5dadd569a7456d40,ok,ok,2.2940129795756548e-8,2.2966533563817393e-8,2.6403768060845323e-11,8.411330798789412e-9,5.800410908610798e-9,-2.6109198901786144e-9,2199023255552,806303721965,555383704047,0.1775635729923124,0.38827139999284555,29.789646601000186,47.42900207999992,
66,samuel-simon,8384567043090176381,7b1fb326283656749692558bece4de141f41cb4630fd62c6ae950c5bc529520d,ok,ok,1.7265614715711308e-8,1.7264609297740208e-8,-1.0054179711005418e-12,6.330687668783732e-9,4.36033708897559e-9,-1.970350579808142e-9,2199023255552,806303721965,555383704047,0.1789823599765441,0.3978934189526626,29.638185193000027,47.4045995080005,
67,marie-paul,2474931402529981222,8865ba3d55bd68e1386ac72c93f8866eed7184855396fdb6232a1f146eb20c24,ok,failed,2.761350614832736e-8,0.8982544541358948,0.8982544265223886,1.012489191630255e-8,0.8982544541358948,0.8982544440110029,2199023255552,806303721965,555383704047,0.17827926698191732,0.40252632605734107,29.479688261999854,47.800519436000286,residual_wall_time_exhausted
68,barbara-walls,7508821215085830111,500303650e166c0c9f2aa520463585dee271dae27026b8faa60f78102ddcc6cc,ok,failed,2.2261648524590782e-8,0.8629869222640991,0.8629869000024506,8.162555815240102e-9,0.8629869222640991,0.8629869141015433,2199023255552,806303721965,555383704047,0.17941545396024594,0.4096267369504858,29.377169851999952,47.86748116400031,residual_wall_time_exhausted
69,deborah-harris,7407377602205352667,bb1fbc618dace33512e327ae5ef1823f9dd2285e6e5c563f27f86f913a5f785b,ok,ok,2.1699335661651276e-8,2.166306956041808e-8,-3.6266101233195513e-11,7.956375660868288e-9,5.471208993864279e-9,-2.485166667004009e-9,2199023255552,806303721965,555383704047,0.17819611499044186,0.39213490310066845,29.733297230000062,47.64221161800015,
70,daniel-smith-2,2866660226654851759,70de7edbe3b267dcce527997973e55dfca9d35f9fb7394025d6a458fd229fb35,ok,failed,1.9176130905407263e-8,0.6226794123649597,0.6226793931888288,7.031206097016339e-9,0.6226794123649597,0.6226794053337537,2199023255552,806303721965,555383704047,0.17940844098984599,0.40100686199548363,29.593139004000022,46.898392846000206,residual_wall_time_exhausted
71,mary-garrett,8915800854652069828,65f55370857f9258123bd511b037011ea385e1039d07c770c7609fa151b245fa,ok,failed,1.982928488075686e-8,0.9157326817512512,0.9157326619219663,7.270694460775556e-9,0.9157326817512512,0.9157326744805567,2199023255552,806303721965,555383704047,0.17929719500443753,0.5744528189725315,29.42223834000015,47.81367498100008,residual_wall_time_exhausted
72,sandra-powell,5937758525897362098,e6d0080647fb1f16a87fbd0a7e25497cf4fc3384d02124aec52c993265cc562f,ok,failed,1.9883477975213282e-8,0.8179448843002319,0.817944864416754,7.290565143659283e-9,0.8179448843002319,0.8179448770096668,2199023255552,806303721965,555383704047,0.18114805699678982,0.4066284889840972,29.775007619999997,47.814700650000304,residual_wall_time_exhausted
73,victor-garrett,8439345745453955992,31f6fb8a2f3a78be1006691213c360eac038c5f6f05e5405cf31a069daf55193,ok,ok,2.837389345700103e-8,2.8396303974886905e-8,2.241051788587356e-11,1.0403698934632436e-8,7.171749749803547e-9,-3.2319491848288888e-9,2199023255552,806303721965,555383704047,0.18018442002448865,0.39649087898669677,29.50185741999985,47.87324386399996,
74,steven-montgomery,2009240036358336991,bffb01eb8f0dd16bb32567d4cdff131bf9659087ae7947ead31a50242fc4c531,ok,ok,2.1409814365824786e-8,2.142230215440577e-8,1.248778858098376e-11,7.850218485029587e-9,5.41040095400963e-9,-2.4398175310199566e-9,2199023255552,806303721965,555383704047,0.17988381501891126,0.3950391420030428,29.529426167999645,47.72538798599999,
75,jennifer-perez,3567951564090217873,d9be5a2688d06e40deef2fe68e6ffc1ec898e9c77b102a67ee55eba1b7e50cdf,ok,failed,1.8918395738865e-8,0.6938416957855225,0.6938416768671267,6.936703765792867e-9,0.6938416957855225,0.6938416888488187,2199023255552,806303721965,555383704047,0.18057250100491729,0.4078974749409099,29.357607718000054,48.00364370300031,residual_wall_time_exhausted
76,scott-young,5322187042263020144,f9e78522cb222de36c3afb30939d481ce9da5d380fd7f3f02ea3001df650698f,ok,failed,2.5182886886909728e-8,1.4825083017349243,1.4825082765520374,9.23367016491234e-9,1.4825083017349243,1.482508292501254,2199023255552,806303721965,555383704047,0.17890509599374127,0.40656885597127257,29.26893908699958,48.159110249999685,residual_wall_time_exhausted
77,debra-jones,8995904922783675230,3733881d409a94dc67e6e479940b2dcc14a66733776340a0978d959dd207f809,ok,ok,2.1553917761707453e-8,2.163078249850514e-8,7.686473679768824e-11,7.903056081973883e-9,5.463054597137128e-9,-2.440001484836755e-9,2199023255552,806303721965,555383704047,0.18010867899829464,0.39504832102375076,29.426231957000255,47.27513564400033,
78,george-chase,5495818927611162469,ea4206452598cb900a4c8965c656918a115a596b7dfc5c7f7a1f967bc231298f,ok,failed,2.5721387686417074e-8,0.902672529220581,0.9026725034991934,9.431119281390605e-9,0.902672529220581,0.9026725197894617,2199023255552,806303721965,555383704047,0.1796203410021917,0.40898538105375337,29.7147189049997,47.83856372000082,residual_wall_time_exhausted
79,troy-welch,5635285983559139555,86b86c9958f0824159c0df3c74ac85b710f82e49633c57cdcbabc51797caff77,ok,failed,1.7462550516711417e-8,0.8202334642410278,0.8202334467784773,6.402897032160694e-9,0.8202334642410278,0.8202334578381308,2199023255552,806303721965,555383704047,0.17799330599427776,0.4090478360049019,29.591847818000133,47.806776457000524,residual_wall_time_exhausted
80,jacob-adams,3515154164765914809,d11adb5ee9963dc4444b4792cba9263ded77e7235e549255ce826342e1ce5c91,ok,failed,2.053855396866311e-8,0.7529261112213135,0.7529260906827595,7.530758243188796e-9,0.7529261112213135,0.7529261036905552,2199023255552,806303721965,555383704047,0.179673905972777,0.4057872410467098,29.570429242000046,47.799778259999584,residual_wall_time_exhausted
81,courtney-baker,189314070552559745,c7bf9bd4631c0409baf6e916c746232669edc90ef85cc5f2056ac8d4f691f652,ok,ok,1.7664437024222934e-8,1.763812207400406e-8,-2.631495021887531e-11,6.476921643774086e-9,4.454671202390058e-9,-2.0222504413840275e-9,2199023255552,806303721965,555383704047,0.18062429400742985,0.3922836400251981,29.435556906999864,47.17257041600078,
82,pamela-carr,6158616676286068120,06824dc39adf4bf89930f7ddff6a7cfb06a39f09cd2b414765d12014ff9c20c4,ok,ok,1.7690597431396782e-8,1.7661585971495697e-8,-2.901145990108489e-11,6.486513735908236e-9,4.460597227168279e-9,-2.0259165087399565e-9,2199023255552,806303721965,555383704047,0.17654991001063536,0.38635373602119216,29.60277972499989,47.03470283099978,
83,denise-smith,5783865521103757372,4a178e8e537c913d9690a1cc163eb65f5c48e0d2971210d78c71bff25785b3fa,ok,failed,2.404038212944215e-8,0.8041244149208069,0.8041243908804248,8.814754250320256e-9,0.8041244149208069,0.8041244061060526,2199023255552,806303721965,555383704047,0.17907369200975154,0.5763256069367344,29.6805653360002,47.95251130900033,residual_wall_time_exhausted
84,michelle-taylor,1513056364632441852,24c447ecffce18d69e3af4d8b9f68de0b882f50e1a92ec4265c8d1ed48f1db3f,ok,ok,2.6120513751948238e-8,2.610679139536387e-8,-1.3722356584366935e-11,9.577464633291051e-9,6.593512128319859e-9,-2.983952504971192e-9,2199023255552,806303721965,555383704047,0.1798654920039553,0.39301107207666064,29.326568654999846,47.253911136999704,
85,ashley-williams,5008846919609497772,fb04cd2e9293162b111e1b762a0f6a1e2a345da15f6230fb6ce81a9307d132db,ok,ok,1.9791940530922147e-8,1.978112607048388e-8,-1.0814460438268725e-11,7.257001614103713e-9,4.995906723363994e-9,-2.261094890739719e-9,2199023255552,806303721965,555383704047,0.1785163570016266,0.3905247199963924,29.21929844200031,47.47065044200008,
86,judith-maxwell,7552522903653607488,347f93fdb529d6a9fefa7c3fc2f2fd10fa355d0e5436d37332f0b6b75213512a,ok,ok,2.0270789491405594e-8,2.0289188995548102e-8,1.8399504142507794e-11,7.4325785199513754e-9,5.124222723887731e-9,-2.3083557960636443e-9,2199023255552,806303721965,555383704047,0.1792028230197502,0.3883375909490496,29.483906238000145,47.05745153099997,
87,travis-reed,6991373316760258100,69d0b47c49a0d7a9c7eb51a5dd98c2cd93b2179323efcd59c01274368b24694d,ok,failed,2.3226551348898283e-8,0.9014315605163574,0.9014315372898061,8.516351409083599e-9,0.9014315605163574,0.901431552000006,2199023255552,806303721965,555383704047,0.18061492697006543,0.4008630989847006,29.61501079799973,46.86577146000036,residual_wall_time_exhausted
88,heather-strickland,4126904310431152331,c48f38818f6dcfb03a0b9b573ded71a2017b6311a0afe526aabc1cc853058c57,ok,ok,2.4635188111687967e-8,2.4641234830369285e-8,6.0467186813184526e-12,9.032848477437223e-9,6.223372234845758e-9,-2.8094762425914654e-9,2199023255552,806303721965,555383704047,0.18068470500747935,0.38832981302402914,29.102767956000207,46.835103350999816,
89,kyle-petersen,4421956426608759848,87be179b52cba9cd713570cf58456ecdfbcafba679cfd9718622fb729b7920f9,ok,ok,2.2199747817808202e-8,2.215410965789033e-8,-4.5638159917871235e-11,8.139859024678636e-9,5.5952257215097e-9,-2.544633303168936e-9,2199023255552,806303721965,555383704047,0.1774692769986359,0.3957948730312637,29.261358900000232,47.11200317299972,
90,rachel-kelley,5451601564174840496,76da891438d5404d1c5f33b3c9b842ad7bc793d0f9bfa3d97c4f3aa8a3b6efd3,ok,failed,2.9562103875946377e-8,1.0279104709625244,1.0279104414004205,1.0839373491895238e-8,1.0279104709625244,1.027910460123151,2199023255552,806303721965,555383704047,0.1796092190170384,0.4198653210169141,29.396219496999947,47.631732486000146,residual_wall_time_exhausted
91,robert-patrick,7649872791877645292,9550998b285af76d0999ac71d3c98698194dd95cdffa383d9107f9fcbc2edb1e,ok,failed,2.1599023014573504e-8,1.1700284481048584,1.1700284265058354,7.919594576132253e-9,1.1700284481048584,1.1700284401852639,2199023255552,806303721965,555383704047,0.17909726001153103,0.4294727680471624,29.413556593000067,47.93959567900038,residual_wall_time_exhausted
92,james-perez,4058513975018849492,5ddc87ab888496423c77509a34dd270bdeab52cf48809924fda8923b11c662cc,ok,ok,2.4790121955220457e-8,2.4804634790598357e-8,1.4512835377900046e-11,9.08965721485425e-9,6.264640409215462e-9,-2.8250168056387885e-9,2199023255552,806303721965,555383704047,0.17999651702939445,0.39323754606448347,29.26315016999979,47.60446879099982,
93,nathan-moore,7807267696492052470,4ab085900ecda3c008f68a6fc603908df189638a36e1abdae509a28c6c00e13a,ok,failed,2.657565012498253e-8,0.8033007383346558,0.8033007117590056,9.744346975554905e-9,0.8033007383346558,0.8033007285903088,2199023255552,806303721965,555383704047,0.17773886198710898,0.40421988508296636,29.477596133000134,47.853528673000255,residual_wall_time_exhausted
94,gregory-harrison,5678711027797573345,fb164679fdbd08f9528afbed32e9bd516060446328215ed5d0a1720b75351714,ok,failed,1.756931133911621e-8,1.2727339267730713,1.27273390920376,6.442042433760107e-9,1.2727339267730713,1.2727339203310288,2199023255552,806303721965,555383704047,0.1799741739946512,0.4109963329783568,29.404616868000176,47.21178844099995,residual_wall_time_exhausted
95,mark-snyder,3109974749458014971,6a83c6642a00c2b50d87dfd3865708f6d5b2231cd0727fad57231d9f4352d18a,ok,failed,2.5385713087189288e-8,0.9224225282669067,0.9224225028811937,9.308039328487363e-9,0.9224225282669067,0.9224225189588674,2199023255552,806303721965,555383704047,0.18022845499854157,0.564693140968302,29.615254592999918,47.742391368000426,residual_wall_time_exhausted
96,kathleen-mueller,2405080982703051941,b845fff7cb78f640cb9d459348014863c23d85d51d20771e4f9985256e6c2d2d,ok,failed,2.4071637128031398e-8,0.7443828582763672,0.7443828342047301,8.826214348174562e-9,0.7443828582763672,0.7443828494501529,2199023255552,806303721965,555383704047,0.1792967420237801,0.41191109299052187,29.240806379999867,47.747894651000024,residual_wall_time_exhausted
97,michelle-kramer,1026162449252698879,82d69ce049a162abd35ed08818f2a22cea9f0067426b53b88ff373244ecb7032,ok,failed,1.9415582031001577e-8,1.1371904611587524,1.1371904417431704,7.119004319844565e-9,1.1371904611587524,1.1371904540397482,2199023255552,806303721965,555383704047,0.17951413698528995,0.41473136897093354,29.39263677000008,47.48831706800047,residual_wall_time_exhausted
98,elizabeth-hughes,8915680942698473024,4cd7860eb6d194b7a55d340a25a147b616266d4a9a41a951f05332903378bdd5,ok,ok,2.229639939343997e-8,2.2306371860736363e-8,9.972467296393006e-12,8.175297724550917e-9,5.633680952026013e-9,-2.541616772524904e-9,2199023255552,806303721965,555383704047,0.18131596598823307,0.39759034805956617,29.85883414099999,47.40542507699956,
99,kelsey-gonzalez,998801302670386654,dd2bc4637d80b652e51c94d5120e9364e1e7fbadda9d59e38610853c1e728673,ok,failed,2.4196536330123308e-8,0.8600773811340332,0.8600773569374969,8.872010449358534e-9,0.8600773811340332,0.8600773722620227,2199023255552,806303721965,555383704047,0.17891839901540152,0.4089893080308684,29.862418428000183,47.447828619000575,residual_wall_time_exhausted
